Resource,Zone,StartCap,RetCap,NewCap,EndCap,StartEnergyCap,RetEnergyCap,NewEnergyCap,EndEnergyCap,StartChargeCap,RetChargeCap,NewChargeCap,EndChargeCap
nuclear_SE1,1,0.0,0.0,3861.6631941383484,3861.6631941383484,0.0,0.0,0.0,0.0,0.0,0.0,0.0,0.0
nuclear_SE2,2,0.0,0.0,0.0,0.0,0.0,0.0,0.0,0.0,0.0,0.0,0.0,0.0
nuclear_SE3,3,0.0,0.0,1228.6120875606348,1228.6120875606348,0.0,0.0,0.0,0.0,0.0,0.0,0.0,0.0
nuclear_SE4,4,0.0,0.0,1037.9536452623584,1037.9536452623584,0.0,0.0,0.0,0.0,0.0,0.0,0.0,0.0
nuclear_existing_SE3,3,6852.0,0.0,0.0,6852.0,0.0,0.0,0.0,0.0,0.0,0.0,0.0,0.0
thermal_SE1,1,34.423013,0.0,0.0,34.423013,0.0,0.0,0.0,0.0,0.0,0.0,0.0,0.0
thermal_SE2,2,161.896419,0.0,0.0,161.896419,0.0,0.0,0.0,0.0,0.0,0.0,0.0,0.0
thermal_SE3,3,911.785921,0.0,0.0,911.785921,0.0,0.0,0.0,0.0,0.0,0.0,0.0,0.0
thermal_SE4,4,235.298689,0.0,0.0,235.298689,0.0,0.0,0.0,0.0,0.0,0.0,0.0,0.0
hydro_SE1,1,3560.0,0.0,0.0,3560.0,0.0,0.0,0.0,0.0,0.0,0.0,0.0,0.0
hydro_SE2,2,5733.0,0.0,0.0,5733.0,0.0,0.0,0.0,0.0,0.0,0.0,0.0,0.0
hydro_flex_SE1,1,1000.0,0.0,0.0,1000.0,0.0,0.0,0.0,0.0,0.0,0.0,0.0,0.0
hydro_flex_SE2,2,1000.0,0.0,0.0,1000.0,0.0,0.0,0.0,0.0,0.0,0.0,0.0,0.0
hydro_SE3,3,2290.0,0.0,0.0,2290.0,0.0,0.0,0.0,0.0,0.0,0.0,0.0,0.0
hydro_SE4,4,240.0,0.0,0.0,240.0,0.0,0.0,0.0,0.0,0.0,0.0,0.0,0.0
gas_OC_SE1,1,0.0,0.0,0.0,0.0,0.0,0.0,0.0,0.0,0.0,0.0,0.0,0.0
gas_OC_SE2,2,0.0,0.0,0.0,0.0,0.0,0.0,0.0,0.0,0.0,0.0,0.0,0.0
gas_OC_SE3,3,0.0,0.0,0.0,0.0,0.0,0.0,0.0,0.0,0.0,0.0,0.0,0.0
gas_OC_SE4,4,0.0,0.0,0.0,0.0,0.0,0.0,0.0,0.0,0.0,0.0,0.0,0.0
biogas_OC_SE1,1,0.0,0.0,0.0,0.0,0.0,0.0,0.0,0.0,0.0,0.0,0.0,0.0
biogas_OC_SE2,2,0.0,0.0,0.0,0.0,0.0,0.0,0.0,0.0,0.0,0.0,0.0,0.0
biogas_OC_SE3,3,0.0,0.0,0.0,0.0,0.0,0.0,0.0,0.0,0.0,0.0,0.0,0.0
biogas_OC_SE4,4,0.0,0.0,0.0,0.0,0.0,0.0,0.0,0.0,0.0,0.0,0.0,0.0
biomass_SE1,1,0.0,0.0,0.0,0.0,0.0,0.0,0.0,0.0,0.0,0.0,0.0,0.0
biomass_SE2,2,0.0,0.0,0.0,0.0,0.0,0.0,0.0,0.0,0.0,0.0,0.0,0.0
biomass_SE3,3,0.0,0.0,0.0,0.0,0.0,0.0,0.0,0.0,0.0,0.0,0.0,0.0
biomass_SE4,4,0.0,0.0,0.0,0.0,0.0,0.0,0.0,0.0,0.0,0.0,0.0,0.0
wind_offshore_existing_SE1,1,0.0,0.0,0.0,0.0,0.0,0.0,0.0,0.0,0.0,0.0,0.0,0.0
wind_offshore_existing_SE2,2,0.0,0.0,0.0,0.0,0.0,0.0,0.0,0.0,0.0,0.0,0.0,0.0
wind_offshore_existing_SE3,3,0.0,0.0,0.0,0.0,0.0,0.0,0.0,0.0,0.0,0.0,0.0,0.0
wind_offshore_existing_SE4,4,0.0,0.0,0.0,0.0,0.0,0.0,0.0,0.0,0.0,0.0,0.0,0.0
wind_offshore_SE1,1,0.0,0.0,0.0,0.0,0.0,0.0,0.0,0.0,0.0,0.0,0.0,0.0
wind_offshore_SE2,2,0.0,0.0,0.0,0.0,0.0,0.0,0.0,0.0,0.0,0.0,0.0,0.0
wind_offshore_SE3,3,0.0,0.0,0.0,0.0,0.0,0.0,0.0,0.0,0.0,0.0,0.0,0.0
wind_offshore_SE4,4,0.0,0.0,0.0,0.0,0.0,0.0,0.0,0.0,0.0,0.0,0.0,0.0
wind_onshore_existing_SE1,1,0.0,0.0,0.0,0.0,0.0,0.0,0.0,0.0,0.0,0.0,0.0,0.0
wind_onshore_existing_SE2,2,0.0,0.0,0.0,0.0,0.0,0.0,0.0,0.0,0.0,0.0,0.0,0.0
wind_onshore_existing_SE3,3,0.0,0.0,0.0,0.0,0.0,0.0,0.0,0.0,0.0,0.0,0.0,0.0
wind_onshore_existing_SE4,4,0.0,0.0,0.0,0.0,0.0,0.0,0.0,0.0,0.0,0.0,0.0,0.0
wind_onshore_SE1,1,0.0,0.0,8160.0,8160.0,0.0,0.0,0.0,0.0,0.0,0.0,0.0,0.0
wind_onshore_SE2,2,0.0,0.0,11400.0,11400.0,0.0,0.0,0.0,0.0,0.0,0.0,0.0,0.0
wind_onshore_SE3,3,0.0,0.0,10320.0,10320.0,0.0,0.0,0.0,0.0,0.0,0.0,0.0,0.0
wind_onshore_SE4,4,0.0,0.0,3600.0,3600.0,0.0,0.0,0.0,0.0,0.0,0.0,0.0,0.0
solar_existing_SE1,1,0.0,0.0,0.0,0.0,0.0,0.0,0.0,0.0,0.0,0.0,0.0,0.0
solar_existing_SE2,2,0.0,0.0,0.0,0.0,0.0,0.0,0.0,0.0,0.0,0.0,0.0,0.0
solar_existing_SE3,3,0.0,0.0,0.0,0.0,0.0,0.0,0.0,0.0,0.0,0.0,0.0,0.0
solar_existing_SE4,4,0.0,0.0,0.0,0.0,0.0,0.0,0.0,0.0,0.0,0.0,0.0,0.0
solar_SE1,1,0.0,0.0,0.0,0.0,0.0,0.0,0.0,0.0,0.0,0.0,0.0,0.0
solar_SE2,2,0.0,0.0,0.0,0.0,0.0,0.0,0.0,0.0,0.0,0.0,0.0,0.0
solar_SE3,3,0.0,0.0,18137.25895438438,18137.25895438438,0.0,0.0,0.0,0.0,0.0,0.0,0.0,0.0
solar_SE4,4,0.0,0.0,1096.4052511632026,1096.4052511632026,0.0,0.0,0.0,0.0,0.0,0.0,0.0,0.0
battery_storage_SE1,1,0.0,0.0,0.0,0.0,0.0,0.0,0.0,0.0,0.0,0.0,0.0,0.0
battery_storage_SE2,2,0.0,0.0,0.0,0.0,0.0,0.0,0.0,0.0,0.0,0.0,0.0,0.0
battery_storage_SE3,3,0.0,0.0,0.0,0.0,0.0,0.0,0.0,0.0,0.0,0.0,0.0,0.0
battery_storage_SE4,4,0.0,0.0,0.0,0.0,0.0,0.0,0.0,0.0,0.0,0.0,0.0,0.0
hydrogen_OC_storage_SE1,1,0.0,0.0,0.0,0.0,0.0,0.0,0.0,0.0,0.0,0.0,0.0,0.0
hydrogen_OC_storage_SE2,2,0.0,0.0,0.0,0.0,0.0,0.0,0.0,0.0,0.0,0.0,0.0,0.0
hydrogen_OC_storage_SE3,3,0.0,0.0,0.0,0.0,0.0,0.0,0.0,0.0,0.0,0.0,0.0,0.0
hydrogen_OC_storage_SE4,4,0.0,0.0,0.0,0.0,0.0,0.0,0.0,0.0,0.0,0.0,0.0,0.0
hydrogen_CC_storage_SE1,1,0.0,0.0,0.0,0.0,0.0,0.0,0.0,0.0,0.0,0.0,0.0,0.0
hydrogen_CC_storage_SE2,2,0.0,0.0,0.0,0.0,0.0,0.0,0.0,0.0,0.0,0.0,0.0,0.0
hydrogen_CC_storage_SE3,3,0.0,0.0,0.0,0.0,0.0,0.0,0.0,0.0,0.0,0.0,0.0,0.0
hydrogen_CC_storage_SE4,4,0.0,0.0,0.0,0.0,0.0,0.0,0.0,0.0,0.0,0.0,0.0,0.0
hydro_pumped_storage_SE1,1,0.0,0.0,0.0,0.0,0.0,0.0,0.0,0.0,0.0,0.0,0.0,0.0
hydro_pumped_storage_SE2,2,0.0,0.0,0.0,0.0,0.0,0.0,0.0,0.0,0.0,0.0,0.0,0.0
hydro_pumped_storage_SE3,3,0.0,0.0,0.0,0.0,0.0,0.0,0.0,0.0,0.0,0.0,0.0,0.0
hydro_pumped_storage_SE4,4,0.0,0.0,0.0,0.0,0.0,0.0,0.0,0.0,0.0,0.0,0.0,0.0
burning_NO125,5,150.0,0.0,0.0,150.0,0.0,0.0,0.0,0.0,0.0,0.0,0.0,0.0
burning_NO3,6,37.0,0.0,0.0,37.0,0.0,0.0,0.0,0.0,0.0,0.0,0.0,0.0
burning_NO4,7,211.0,0.0,0.0,211.0,0.0,0.0,0.0,0.0,0.0,0.0,0.0,0.0
must_run_NO125,5,1340.4973,0.0,0.0,1340.4973,0.0,0.0,0.0,0.0,0.0,0.0,0.0,0.0
must_run_NO3,6,180.27704,0.0,0.0,180.27704,0.0,0.0,0.0,0.0,0.0,0.0,0.0,0.0
must_run_NO4,7,94.816839,0.0,0.0,94.816839,0.0,0.0,0.0,0.0,0.0,0.0,0.0,0.0
hydro_NO125,5,18000.0,0.0,0.0,18000.0,0.0,0.0,0.0,0.0,0.0,0.0,0.0,0.0
hydro_NO3,6,3560.0,0.0,0.0,3560.0,0.0,0.0,0.0,0.0,0.0,0.0,0.0,0.0
hydro_NO4,7,5170.0,0.0,0.0,5170.0,0.0,0.0,0.0,0.0,0.0,0.0,0.0,0.0
hydro_flex_NO125,5,2000.0,0.0,0.0,2000.0,0.0,0.0,0.0,0.0,0.0,0.0,0.0,0.0
hydro_flex_NO3,6,1000.0,0.0,0.0,1000.0,0.0,0.0,0.0,0.0,0.0,0.0,0.0,0.0
hydro_flex_NO4,7,1000.0,0.0,0.0,1000.0,0.0,0.0,0.0,0.0,0.0,0.0,0.0,0.0
wind_offshore_existing_NO125,5,44.0,0.0,0.0,44.0,0.0,0.0,0.0,0.0,0.0,0.0,0.0,0.0
wind_offshore_existing_NO3,6,44.0,0.0,0.0,44.0,0.0,0.0,0.0,0.0,0.0,0.0,0.0,0.0
wind_offshore_NO125,5,3906.974395,0.0,0.0,3906.974395,0.0,0.0,0.0,0.0,0.0,0.0,0.0,0.0
wind_offshore_NO3,6,0.0,0.0,0.0,0.0,0.0,0.0,0.0,0.0,0.0,0.0,0.0,0.0
wind_onshore_existing_NO125,5,130.0,0.0,0.0,130.0,0.0,0.0,0.0,0.0,0.0,0.0,0.0,0.0
wind_onshore_existing_NO3,6,0.0,0.0,0.0,0.0,0.0,0.0,0.0,0.0,0.0,0.0,0.0,0.0
wind_onshore_existing_NO4,7,19.0,0.0,0.0,19.0,0.0,0.0,0.0,0.0,0.0,0.0,0.0,0.0
wind_onshore_NO125,5,1967.313423,0.0,0.0,1967.313423,0.0,0.0,0.0,0.0,0.0,0.0,0.0,0.0
wind_onshore_NO3,6,1620.943335,0.0,0.0,1620.943335,0.0,0.0,0.0,0.0,0.0,0.0,0.0,0.0
wind_onshore_NO4,7,998.441999,0.0,0.0,998.441999,0.0,0.0,0.0,0.0,0.0,0.0,0.0,0.0
solar_existing_NO125,5,0.0,0.0,0.0,0.0,0.0,0.0,0.0,0.0,0.0,0.0,0.0,0.0
solar_existing_NO3,6,0.0,0.0,0.0,0.0,0.0,0.0,0.0,0.0,0.0,0.0,0.0,0.0
solar_existing_NO4,7,0.0,0.0,0.0,0.0,0.0,0.0,0.0,0.0,0.0,0.0,0.0,0.0
solar_NO125,5,0.008082,0.0,0.0,0.008082,0.0,0.0,0.0,0.0,0.0,0.0,0.0,0.0
solar_NO3,6,67.999179,0.0,0.0,67.999179,0.0,0.0,0.0,0.0,0.0,0.0,0.0,0.0
solar_NO4,7,0.0,0.0,0.0,0.0,0.0,0.0,0.0,0.0,0.0,0.0,0.0,0.0
nuclear_existing_FI,8,4394.0,0.0,0.0,4394.0,0.0,0.0,0.0,0.0,0.0,0.0,0.0,0.0
nuclear_FI,8,4254.421395,0.0,0.0,4254.421395,0.0,0.0,0.0,0.0,0.0,0.0,0.0,0.0
thermal_FI,8,1692.861952,0.0,0.0,1692.861952,0.0,0.0,0.0,0.0,0.0,0.0,0.0,0.0
coal_hard_FI,8,0.0,0.0,0.0,0.0,0.0,0.0,0.0,0.0,0.0,0.0,0.0,0.0
gas_FI,8,0.0,0.0,0.0,0.0,0.0,0.0,0.0,0.0,0.0,0.0,0.0,0.0
gas_OC_FI,8,0.0,0.0,0.0,0.0,0.0,0.0,0.0,0.0,0.0,0.0,0.0,0.0
hydro_FI,8,2400.0,0.0,0.0,2400.0,0.0,0.0,0.0,0.0,0.0,0.0,0.0,0.0
wind_offshore_existing_FI,8,0.0,0.0,0.0,0.0,0.0,0.0,0.0,0.0,0.0,0.0,0.0,0.0
wind_offshore_FI,8,0.0,0.0,0.0,0.0,0.0,0.0,0.0,0.0,0.0,0.0,0.0,0.0
wind_onshore_existing_FI,8,1083.0,0.0,0.0,1083.0,0.0,0.0,0.0,0.0,0.0,0.0,0.0,0.0
wind_onshore_FI,8,19184.42508,0.0,0.0,19184.42508,0.0,0.0,0.0,0.0,0.0,0.0,0.0,0.0
solar_existing_FI,8,0.0,0.0,0.0,0.0,0.0,0.0,0.0,0.0,0.0,0.0,0.0,0.0
solar_FI,8,606.671268,0.0,0.0,606.671268,0.0,0.0,0.0,0.0,0.0,0.0,0.0,0.0
battery_FI,8,8800.0,0.0,0.0,8800.0,35200.0,0.0,0.0,35200.0,0.0,0.0,0.0,0.0
hydrogen_storage_FI,8,0.0,0.0,0.0,0.0,0.0,0.0,0.0,0.0,0.0,0.0,0.0,0.0
must_run_DK1,9,700.0,0.0,0.0,700.0,0.0,0.0,0.0,0.0,0.0,0.0,0.0,0.0
must_run_DK2,10,1000.0,0.0,0.0,1000.0,0.0,0.0,0.0,0.0,0.0,0.0,0.0,0.0
coal_hard_DK1,9,0.0,0.0,0.0,0.0,0.0,0.0,0.0,0.0,0.0,0.0,0.0,0.0
gas_DK1,9,700.0,0.0,0.0,700.0,0.0,0.0,0.0,0.0,0.0,0.0,0.0,0.0
gas_DK2,10,260.0,0.0,0.0,260.0,0.0,0.0,0.0,0.0,0.0,0.0,0.0,0.0
gas_CC_CCS_DK1,9,0.0,0.0,0.0,0.0,0.0,0.0,0.0,0.0,0.0,0.0,0.0,0.0
gas_CC_CCS_retrofit_DK2,10,0.0,0.0,0.0,0.0,0.0,0.0,0.0,0.0,0.0,0.0,0.0,0.0
wind_offshore_existing_DK1,9,0.0,0.0,0.0,0.0,0.0,0.0,0.0,0.0,0.0,0.0,0.0,0.0
wind_offshore_existing_DK2,10,0.0,0.0,0.0,0.0,0.0,0.0,0.0,0.0,0.0,0.0,0.0,0.0
wind_offshore_DK1,9,7096.514308,0.0,0.0,7096.514308,0.0,0.0,0.0,0.0,0.0,0.0,0.0,0.0
wind_offshore_DK2,10,5097.576938,0.0,0.0,5097.576938,0.0,0.0,0.0,0.0,0.0,0.0,0.0,0.0
wind_onshore_existing_DK1,9,0.0,0.0,0.0,0.0,0.0,0.0,0.0,0.0,0.0,0.0,0.0,0.0
wind_onshore_existing_DK2,10,0.0,0.0,0.0,0.0,0.0,0.0,0.0,0.0,0.0,0.0,0.0,0.0
wind_onshore_DK1,9,3895.152508,0.0,0.0,3895.152508,0.0,0.0,0.0,0.0,0.0,0.0,0.0,0.0
wind_onshore_DK2,10,349.815805,0.0,0.0,349.815805,0.0,0.0,0.0,0.0,0.0,0.0,0.0,0.0
solar_existing_DK1,9,0.0,0.0,0.0,0.0,0.0,0.0,0.0,0.0,0.0,0.0,0.0,0.0
solar_existing_DK2,10,0.0,0.0,0.0,0.0,0.0,0.0,0.0,0.0,0.0,0.0,0.0,0.0
solar_DK1,9,4080.934198,0.0,0.0,4080.934198,0.0,0.0,0.0,0.0,0.0,0.0,0.0,0.0
solar_DK2,10,8802.707516,0.0,0.0,8802.707516,0.0,0.0,0.0,0.0,0.0,0.0,0.0,0.0
battery_DK1,9,3500.0,0.0,0.0,3500.0,14000.0,0.0,0.0,14000.0,0.0,0.0,0.0,0.0
battery_DK2,10,2200.0,0.0,0.0,2200.0,8800.0,0.0,0.0,8800.0,0.0,0.0,0.0,0.0
nuclear_existing_DE,11,0.0,0.0,0.0,0.0,0.0,0.0,0.0,0.0,0.0,0.0,0.0,0.0
nuclear_DE,11,0.0,0.0,0.0,0.0,0.0,0.0,0.0,0.0,0.0,0.0,0.0,0.0
must_run_DE,11,9630.807967,0.0,0.0,9630.807967,0.0,0.0,0.0,0.0,0.0,0.0,0.0,0.0
coal_lignite_DE,11,0.0,0.0,0.0,0.0,0.0,0.0,0.0,0.0,0.0,0.0,0.0,0.0
coal_hard_DE,11,0.0,0.0,0.0,0.0,0.0,0.0,0.0,0.0,0.0,0.0,0.0,0.0
coal_hard_CCS_DE,11,0.0,0.0,0.0,0.0,0.0,0.0,0.0,0.0,0.0,0.0,0.0,0.0
coal_hard_CCS_retrofit_DE,11,0.0,0.0,0.0,0.0,0.0,0.0,0.0,0.0,0.0,0.0,0.0,0.0
coal_lignite_CCS_DE,11,0.0,0.0,0.0,0.0,0.0,0.0,0.0,0.0,0.0,0.0,0.0,0.0
biogas_OC_DE,11,0.0,0.0,0.0,0.0,0.0,0.0,0.0,0.0,0.0,0.0,0.0,0.0
biomass_DE,11,0.0,0.0,0.0,0.0,0.0,0.0,0.0,0.0,0.0,0.0,0.0,0.0
biomass_CCS_DE,11,0.0,0.0,0.0,0.0,0.0,0.0,0.0,0.0,0.0,0.0,0.0,0.0
gas_CC_CCS_DE,11,25484.84805,0.0,0.0,25484.84805,0.0,0.0,0.0,0.0,0.0,0.0,0.0,0.0
gas_CC_CCS_retrofit_DE,11,21982.60776,0.0,0.0,21982.60776,0.0,0.0,0.0,0.0,0.0,0.0,0.0,0.0
gas_CC_DE,11,0.0,0.0,0.0,0.0,0.0,0.0,0.0,0.0,0.0,0.0,0.0,0.0
gas_CC_existing_DE,11,0.0,0.0,0.0,0.0,0.0,0.0,0.0,0.0,0.0,0.0,0.0,0.0
gas_OC_DE,11,0.0,0.0,0.0,0.0,0.0,0.0,0.0,0.0,0.0,0.0,0.0,0.0
gas_OC_existing_DE,11,0.0,0.0,0.0,0.0,0.0,0.0,0.0,0.0,0.0,0.0,0.0,0.0
wind_offshore_fixed_existing_DE,11,0.1,0.0,0.0,0.1,0.0,0.0,0.0,0.0,0.0,0.0,0.0,0.0
wind_offshore_fixed_DE,11,69329.0,0.0,0.0,69329.0,0.0,0.0,0.0,0.0,0.0,0.0,0.0,0.0
wind_offshore_floating_DE,11,0.0,0.0,0.0,0.0,0.0,0.0,0.0,0.0,0.0,0.0,0.0,0.0
wind_onshore_existing_DE,11,0.1,0.0,0.0,0.1,0.0,0.0,0.0,0.0,0.0,0.0,0.0,0.0
wind_onshore_DE,11,142999.9,0.0,0.0,142999.9,0.0,0.0,0.0,0.0,0.0,0.0,0.0,0.0
solar_existing_DE,11,0.1,0.0,0.0,0.1,0.0,0.0,0.0,0.0,0.0,0.0,0.0,0.0
solar_DE,11,295708.2654,0.0,0.0,295708.2654,0.0,0.0,0.0,0.0,0.0,0.0,0.0,0.0
hydro_pumped_storage_DE,11,6400.0,0.0,0.0,6400.0,37000.0,0.0,0.0,37000.0,0.0,0.0,0.0,0.0
battery_storage_DE,11,32106.29899,0.0,0.0,32106.29899,216694.1364,0.0,0.0,216694.1364,0.0,0.0,0.0,0.0
hydrogen_OC_storage_DE,11,0.0,0.0,0.0,0.0,0.0,0.0,0.0,0.0,0.0,0.0,0.0,0.0
hydrogen_CC_storage_DE,11,33925.64384,0.0,0.0,33925.64384,1.70985245e7,0.0,0.0,1.70985245e7,49929.36695,0.0,0.0,49929.36695
nuclear_PL,12,12436.57139,0.0,0.0,12436.57139,0.0,0.0,0.0,0.0,0.0,0.0,0.0,0.0
must_run_PL,12,667.902266,0.0,0.0,667.902266,0.0,0.0,0.0,0.0,0.0,0.0,0.0,0.0
coal_lignite_PL,12,0.0,0.0,0.0,0.0,0.0,0.0,0.0,0.0,0.0,0.0,0.0,0.0
coal_hard_PL,12,0.0,0.0,0.0,0.0,0.0,0.0,0.0,0.0,0.0,0.0,0.0,0.0
gas_CC_CCS_PL,12,2029.289314,0.0,0.0,2029.289314,0.0,0.0,0.0,0.0,0.0,0.0,0.0,0.0
gas_CC_PL,12,3400.0,0.0,0.0,3400.0,0.0,0.0,0.0,0.0,0.0,0.0,0.0,0.0
gas_OC_PL,12,400.0,0.0,0.0,400.0,0.0,0.0,0.0,0.0,0.0,0.0,0.0,0.0
wind_offshore_existing_PL,12,0.0,0.0,0.0,0.0,0.0,0.0,0.0,0.0,0.0,0.0,0.0,0.0
wind_offshore_PL,12,0.0,0.0,0.0,0.0,0.0,0.0,0.0,0.0,0.0,0.0,0.0,0.0
wind_onshore_existing_PL,12,498.0,0.0,0.0,498.0,0.0,0.0,0.0,0.0,0.0,0.0,0.0,0.0
wind_onshore_PL,12,28097.45893,0.0,0.0,28097.45893,0.0,0.0,0.0,0.0,0.0,0.0,0.0,0.0
solar_existing_PL,12,0.0,0.0,0.0,0.0,0.0,0.0,0.0,0.0,0.0,0.0,0.0,0.0
solar_PL,12,11760.99571,0.0,0.0,11760.99571,0.0,0.0,0.0,0.0,0.0,0.0,0.0,0.0
battery_PL,12,11000.0,0.0,0.0,11000.0,44000.0,0.0,0.0,44000.0,0.0,0.0,0.0,0.0
nuclear_BT,13,1500.0,0.0,0.0,1500.0,0.0,0.0,0.0,0.0,0.0,0.0,0.0,0.0
nuclear_new_BT,13,0.0,0.0,0.0,0.0,0.0,0.0,0.0,0.0,0.0,0.0,0.0,0.0
oilshale_BT,13,0.0,0.0,0.0,0.0,0.0,0.0,0.0,0.0,0.0,0.0,0.0,0.0
must_run_BT,13,1400.0,0.0,0.0,1400.0,0.0,0.0,0.0,0.0,0.0,0.0,0.0,0.0
gas_BT,13,0.0,0.0,0.0,0.0,0.0,0.0,0.0,0.0,0.0,0.0,0.0,0.0
wind_offshore_BT,13,281.519833,0.0,0.0,281.519833,0.0,0.0,0.0,0.0,0.0,0.0,0.0,0.0
wind_offshore_new_BT,13,0.0,0.0,0.0,0.0,0.0,0.0,0.0,0.0,0.0,0.0,0.0,0.0
wind_onshore_BT,13,11686.69223,0.0,0.0,11686.69223,0.0,0.0,0.0,0.0,0.0,0.0,0.0,0.0
wind_onshore_new_BT,13,0.0,0.0,0.0,0.0,0.0,0.0,0.0,0.0,0.0,0.0,0.0,0.0
solar_existing_BT,13,0.0,0.0,0.0,0.0,0.0,0.0,0.0,0.0,0.0,0.0,0.0,0.0
solar_BT,13,3020.370646,0.0,0.0,3020.370646,0.0,0.0,0.0,0.0,0.0,0.0,0.0,0.0
nuclear_UK,14,10500.0,0.0,0.0,10500.0,0.0,0.0,0.0,0.0,0.0,0.0,0.0,0.0
coal_hard_UK,14,0.0,0.0,0.0,0.0,0.0,0.0,0.0,0.0,0.0,0.0,0.0,0.0
gas_CC_CCS_UK,14,40662.80062,0.0,0.0,40662.80062,0.0,0.0,0.0,0.0,0.0,0.0,0.0,0.0
gas_CC_UK,14,0.108318015,0.0,0.0,0.108318015,0.0,0.0,0.0,0.0,0.0,0.0,0.0,0.0
gas_OC_UK,14,3295.06016,0.0,0.0,3295.06016,0.0,0.0,0.0,0.0,0.0,0.0,0.0,0.0
wind_offshore_existing_UK,14,4360.0,0.0,0.0,4360.0,0.0,0.0,0.0,0.0,0.0,0.0,0.0,0.0
wind_offshore_UK,14,32466.32614,0.0,0.0,32466.32614,0.0,0.0,0.0,0.0,0.0,0.0,0.0,0.0
wind_onshore_existing_UK,14,707.0,0.0,0.0,707.0,0.0,0.0,0.0,0.0,0.0,0.0,0.0,0.0
wind_onshore_UK,14,24193.0,0.0,0.0,24193.0,0.0,0.0,0.0,0.0,0.0,0.0,0.0,0.0
solar_existing_UK,14,0.0,0.0,0.0,0.0,0.0,0.0,0.0,0.0,0.0,0.0,0.0,0.0
solar_UK,14,86912.53517,0.0,0.0,86912.53517,0.0,0.0,0.0,0.0,0.0,0.0,0.0,0.0
hydro_UK,14,3025.5,0.0,0.0,3025.5,0.0,0.0,0.0,0.0,0.0,0.0,0.0,0.0
hydro_pumped_UK,14,4500.0,0.0,0.0,4500.0,90000.0,0.0,0.0,90000.0,0.0,0.0,0.0,0.0
battery_UK,14,41900.0,0.0,0.0,41900.0,167600.0,0.0,0.0,167600.0,0.0,0.0,0.0,0.0
nuclear_FR,15,118.2823728,0.0,0.0,118.2823728,0.0,0.0,0.0,0.0,0.0,0.0,0.0,0.0
nuclear_existing_FR,15,61370.0,0.0,0.0,61370.0,0.0,0.0,0.0,0.0,0.0,0.0,0.0,0.0
coal_hard_FR,15,0.0,0.0,0.0,0.0,0.0,0.0,0.0,0.0,0.0,0.0,0.0,0.0
gas_CC_CCS_FR,15,4985.489234,0.0,0.0,4985.489234,0.0,0.0,0.0,0.0,0.0,0.0,0.0,0.0
gas_CC_FR,15,76.93035224,0.0,0.0,76.93035224,0.0,0.0,0.0,0.0,0.0,0.0,0.0,0.0
gas_OC_FR,15,16564.51445,0.0,0.0,16564.51445,0.0,0.0,0.0,0.0,0.0,0.0,0.0,0.0
wind_offshore_existing_FR,15,1012.0,0.0,0.0,1012.0,0.0,0.0,0.0,0.0,0.0,0.0,0.0,0.0
wind_offshore_FR,15,39988.0,0.0,0.0,39988.0,0.0,0.0,0.0,0.0,0.0,0.0,0.0,0.0
wind_onshore_existing_FR,15,216.0,0.0,0.0,216.0,0.0,0.0,0.0,0.0,0.0,0.0,0.0,0.0
wind_onshore_FR,15,61784.0,0.0,0.0,61784.0,0.0,0.0,0.0,0.0,0.0,0.0,0.0,0.0
solar_existing_FR,15,0.0,0.0,0.0,0.0,0.0,0.0,0.0,0.0,0.0,0.0,0.0,0.0
solar_FR,15,135786.802,0.0,0.0,135786.802,0.0,0.0,0.0,0.0,0.0,0.0,0.0,0.0
hydro_pumped_FR,15,3800.0,0.0,0.0,3800.0,100000.0,0.0,0.0,100000.0,0.0,0.0,0.0,0.0
battery_FR,15,32300.0,0.0,0.0,32300.0,129200.0,0.0,0.0,129200.0,0.0,0.0,0.0,0.0
coal_hard_ES,16,0.0,0.0,0.0,0.0,0.0,0.0,0.0,0.0,0.0,0.0,0.0,0.0
gas_CC_CCS_ES,16,16180.44781,0.0,0.0,16180.44781,0.0,0.0,0.0,0.0,0.0,0.0,0.0,0.0
gas_CC_ES,16,38.64063871,0.0,0.0,38.64063871,0.0,0.0,0.0,0.0,0.0,0.0,0.0,0.0
gas_OC_ES,16,2660.909488,0.0,0.0,2660.909488,0.0,0.0,0.0,0.0,0.0,0.0,0.0,0.0
hydro_ES,16,8000.0,0.0,0.0,8000.0,0.0,0.0,0.0,0.0,0.0,0.0,0.0,0.0
wind_offshore_existing_ES,16,1.0,0.0,0.0,1.0,0.0,0.0,0.0,0.0,0.0,0.0,0.0,0.0
wind_offshore_ES,16,1798.049629,0.0,0.0,1798.049629,0.0,0.0,0.0,0.0,0.0,0.0,0.0,0.0
wind_onshore_existing_ES,16,459.0,0.0,0.0,459.0,0.0,0.0,0.0,0.0,0.0,0.0,0.0,0.0
wind_onshore_ES,16,54141.0,0.0,0.0,54141.0,0.0,0.0,0.0,0.0,0.0,0.0,0.0,0.0
solar_existing_ES,16,0.0,0.0,0.0,0.0,0.0,0.0,0.0,0.0,0.0,0.0,0.0,0.0
solar_ES,16,119938.828,0.0,0.0,119938.828,0.0,0.0,0.0,0.0,0.0,0.0,0.0,0.0
hydro_pumped_ES,16,9500.0,0.0,0.0,9500.0,76000.0,0.0,0.0,76000.0,0.0,0.0,0.0,0.0
battery_ES,16,24000.0,0.0,0.0,24000.0,96000.0,0.0,0.0,96000.0,0.0,0.0,0.0,0.0
nuclear_NL,17,500.0,0.0,0.0,500.0,0.0,0.0,0.0,0.0,0.0,0.0,0.0,0.0
must_run_NL,17,2000.0,0.0,0.0,2000.0,0.0,0.0,0.0,0.0,0.0,0.0,0.0,0.0
coal_hard_NL,17,0.0,0.0,0.0,0.0,0.0,0.0,0.0,0.0,0.0,0.0,0.0,0.0
gas_CC_CCS_NL,17,12910.8183,0.0,0.0,12910.8183,0.0,0.0,0.0,0.0,0.0,0.0,0.0,0.0
gas_CC_NL,17,5.57e-5,0.0,0.0,5.57e-5,0.0,0.0,0.0,0.0,0.0,0.0,0.0,0.0
gas_OC_NL,17,4.012416497,0.0,0.0,4.012416497,0.0,0.0,0.0,0.0,0.0,0.0,0.0,0.0
wind_offshore_existing_NL,17,1216.0,0.0,0.0,1216.0,0.0,0.0,0.0,0.0,0.0,0.0,0.0,0.0
wind_offshore_NL,17,7584.445336,0.0,0.0,7584.445336,0.0,0.0,0.0,0.0,0.0,0.0,0.0,0.0
wind_onshore_existing_NL,17,144.0,0.0,0.0,144.0,0.0,0.0,0.0,0.0,0.0,0.0,0.0,0.0
wind_onshore_NL,17,9156.0,0.0,0.0,9156.0,0.0,0.0,0.0,0.0,0.0,0.0,0.0,0.0
solar_existing_NL,17,0.0,0.0,0.0,0.0,0.0,0.0,0.0,0.0,0.0,0.0,0.0,0.0
solar_NL,17,66946.92907,0.0,0.0,66946.92907,0.0,0.0,0.0,0.0,0.0,0.0,0.0,0.0
battery_NL,17,15800.0,0.0,0.0,15800.0,63200.0,0.0,0.0,63200.0,0.0,0.0,0.0,0.0
nse0_heating_space_load_SE1,1,6.780592,0.0,0.0,6.780592,0.0,0.0,0.0,0.0,0.0,0.0,0.0,0.0
nse1_heating_space_load_SE1,1,6.780592,0.0,0.0,6.780592,0.0,0.0,0.0,0.0,0.0,0.0,0.0,0.0
nse2_heating_space_load_SE1,1,6.780592,0.0,0.0,6.780592,0.0,0.0,0.0,0.0,0.0,0.0,0.0,0.0
nse3_heating_space_load_SE1,1,6.780592,0.0,0.0,6.780592,0.0,0.0,0.0,0.0,0.0,0.0,0.0,0.0
nse0_heating_space_load_SE2,2,12.937944,0.0,0.0,12.937944,0.0,0.0,0.0,0.0,0.0,0.0,0.0,0.0
nse1_heating_space_load_SE2,2,12.937944,0.0,0.0,12.937944,0.0,0.0,0.0,0.0,0.0,0.0,0.0,0.0
nse2_heating_space_load_SE2,2,12.937944,0.0,0.0,12.937944,0.0,0.0,0.0,0.0,0.0,0.0,0.0,0.0
nse3_heating_space_load_SE2,2,12.937944,0.0,0.0,12.937944,0.0,0.0,0.0,0.0,0.0,0.0,0.0,0.0
nse0_heating_space_load_SE3,3,63.716036,0.0,0.0,63.716036,0.0,0.0,0.0,0.0,0.0,0.0,0.0,0.0
nse1_heating_space_load_SE3,3,63.716036,0.0,0.0,63.716036,0.0,0.0,0.0,0.0,0.0,0.0,0.0,0.0
nse2_heating_space_load_SE3,3,63.716036,0.0,0.0,63.716036,0.0,0.0,0.0,0.0,0.0,0.0,0.0,0.0
nse3_heating_space_load_SE3,3,63.716036,0.0,0.0,63.716036,0.0,0.0,0.0,0.0,0.0,0.0,0.0,0.0
nse0_heating_space_load_SE4,4,18.450727,0.0,0.0,18.450727,0.0,0.0,0.0,0.0,0.0,0.0,0.0,0.0
nse1_heating_space_load_SE4,4,18.450727,0.0,0.0,18.450727,0.0,0.0,0.0,0.0,0.0,0.0,0.0,0.0
nse2_heating_space_load_SE4,4,18.450727,0.0,0.0,18.450727,0.0,0.0,0.0,0.0,0.0,0.0,0.0,0.0
nse3_heating_space_load_SE4,4,18.450727,0.0,0.0,18.450727,0.0,0.0,0.0,0.0,0.0,0.0,0.0,0.0
nse0_heating_sanitary_load_SE1,1,1.351951,0.0,0.0,1.351951,0.0,0.0,0.0,0.0,0.0,0.0,0.0,0.0
nse1_heating_sanitary_load_SE1,1,1.351951,0.0,0.0,1.351951,0.0,0.0,0.0,0.0,0.0,0.0,0.0,0.0
nse2_heating_sanitary_load_SE1,1,1.351951,0.0,0.0,1.351951,0.0,0.0,0.0,0.0,0.0,0.0,0.0,0.0
nse3_heating_sanitary_load_SE1,1,1.351951,0.0,0.0,1.351951,0.0,0.0,0.0,0.0,0.0,0.0,0.0,0.0
nse0_heating_sanitary_load_SE2,2,2.865779,0.0,0.0,2.865779,0.0,0.0,0.0,0.0,0.0,0.0,0.0,0.0
nse1_heating_sanitary_load_SE2,2,2.865779,0.0,0.0,2.865779,0.0,0.0,0.0,0.0,0.0,0.0,0.0,0.0
nse2_heating_sanitary_load_SE2,2,2.865779,0.0,0.0,2.865779,0.0,0.0,0.0,0.0,0.0,0.0,0.0,0.0
nse3_heating_sanitary_load_SE2,2,2.865779,0.0,0.0,2.865779,0.0,0.0,0.0,0.0,0.0,0.0,0.0,0.0
nse0_heating_sanitary_load_SE3,3,18.333576,0.0,0.0,18.333576,0.0,0.0,0.0,0.0,0.0,0.0,0.0,0.0
nse1_heating_sanitary_load_SE3,3,18.333576,0.0,0.0,18.333576,0.0,0.0,0.0,0.0,0.0,0.0,0.0,0.0
nse2_heating_sanitary_load_SE3,3,18.333576,0.0,0.0,18.333576,0.0,0.0,0.0,0.0,0.0,0.0,0.0,0.0
nse3_heating_sanitary_load_SE3,3,18.333576,0.0,0.0,18.333576,0.0,0.0,0.0,0.0,0.0,0.0,0.0,0.0
nse0_heating_sanitary_load_SE4,4,6.184275,0.0,0.0,6.184275,0.0,0.0,0.0,0.0,0.0,0.0,0.0,0.0
nse1_heating_sanitary_load_SE4,4,6.184275,0.0,0.0,6.184275,0.0,0.0,0.0,0.0,0.0,0.0,0.0,0.0
nse2_heating_sanitary_load_SE4,4,6.184275,0.0,0.0,6.184275,0.0,0.0,0.0,0.0,0.0,0.0,0.0,0.0
nse3_heating_sanitary_load_SE4,4,6.184275,0.0,0.0,6.184275,0.0,0.0,0.0,0.0,0.0,0.0,0.0,0.0
nse0_EV_load_SE1,1,0.0,0.0,0.0,0.0,0.0,0.0,0.0,0.0,0.0,0.0,0.0,0.0
nse1_EV_load_SE1,1,0.0,0.0,0.0,0.0,0.0,0.0,0.0,0.0,0.0,0.0,0.0,0.0
nse2_EV_load_SE1,1,0.0,0.0,0.0,0.0,0.0,0.0,0.0,0.0,0.0,0.0,0.0,0.0
nse3_EV_load_SE1,1,0.0,0.0,0.0,0.0,0.0,0.0,0.0,0.0,0.0,0.0,0.0,0.0
nse0_EV_load_SE2,2,0.0,0.0,0.0,0.0,0.0,0.0,0.0,0.0,0.0,0.0,0.0,0.0
nse1_EV_load_SE2,2,0.0,0.0,0.0,0.0,0.0,0.0,0.0,0.0,0.0,0.0,0.0,0.0
nse2_EV_load_SE2,2,0.0,0.0,0.0,0.0,0.0,0.0,0.0,0.0,0.0,0.0,0.0,0.0
nse3_EV_load_SE2,2,0.0,0.0,0.0,0.0,0.0,0.0,0.0,0.0,0.0,0.0,0.0,0.0
nse0_EV_load_SE3,3,0.0,0.0,0.0,0.0,0.0,0.0,0.0,0.0,0.0,0.0,0.0,0.0
nse1_EV_load_SE3,3,0.0,0.0,0.0,0.0,0.0,0.0,0.0,0.0,0.0,0.0,0.0,0.0
nse2_EV_load_SE3,3,0.0,0.0,0.0,0.0,0.0,0.0,0.0,0.0,0.0,0.0,0.0,0.0
nse3_EV_load_SE3,3,0.0,0.0,0.0,0.0,0.0,0.0,0.0,0.0,0.0,0.0,0.0,0.0
nse0_EV_load_SE4,4,0.0,0.0,0.0,0.0,0.0,0.0,0.0,0.0,0.0,0.0,0.0,0.0
nse1_EV_load_SE4,4,0.0,0.0,0.0,0.0,0.0,0.0,0.0,0.0,0.0,0.0,0.0,0.0
nse2_EV_load_SE4,4,0.0,0.0,0.0,0.0,0.0,0.0,0.0,0.0,0.0,0.0,0.0,0.0
nse3_EV_load_SE4,4,0.0,0.0,0.0,0.0,0.0,0.0,0.0,0.0,0.0,0.0,0.0,0.0
nse0_residential_tertiary_load_SE1,1,4.445135,0.0,0.0,4.445135,0.0,0.0,0.0,0.0,0.0,0.0,0.0,0.0
nse1_residential_tertiary_load_SE1,1,4.445135,0.0,0.0,4.445135,0.0,0.0,0.0,0.0,0.0,0.0,0.0,0.0
nse2_residential_tertiary_load_SE1,1,4.445135,0.0,0.0,4.445135,0.0,0.0,0.0,0.0,0.0,0.0,0.0,0.0
nse3_residential_tertiary_load_SE1,1,4.445135,0.0,0.0,4.445135,0.0,0.0,0.0,0.0,0.0,0.0,0.0,0.0
nse0_residential_tertiary_load_SE2,2,7.541683,0.0,0.0,7.541683,0.0,0.0,0.0,0.0,0.0,0.0,0.0,0.0
nse1_residential_tertiary_load_SE2,2,7.541683,0.0,0.0,7.541683,0.0,0.0,0.0,0.0,0.0,0.0,0.0,0.0
nse2_residential_tertiary_load_SE2,2,7.541683,0.0,0.0,7.541683,0.0,0.0,0.0,0.0,0.0,0.0,0.0,0.0
nse3_residential_tertiary_load_SE2,2,7.541683,0.0,0.0,7.541683,0.0,0.0,0.0,0.0,0.0,0.0,0.0,0.0
nse0_residential_tertiary_load_SE3,3,102.821346,0.0,0.0,102.821346,0.0,0.0,0.0,0.0,0.0,0.0,0.0,0.0
nse1_residential_tertiary_load_SE3,3,102.821346,0.0,0.0,102.821346,0.0,0.0,0.0,0.0,0.0,0.0,0.0,0.0
nse2_residential_tertiary_load_SE3,3,102.821346,0.0,0.0,102.821346,0.0,0.0,0.0,0.0,0.0,0.0,0.0,0.0
nse3_residential_tertiary_load_SE3,3,102.821346,0.0,0.0,102.821346,0.0,0.0,0.0,0.0,0.0,0.0,0.0,0.0
nse0_residential_tertiary_load_SE4,4,30.234657,0.0,0.0,30.234657,0.0,0.0,0.0,0.0,0.0,0.0,0.0,0.0
nse1_residential_tertiary_load_SE4,4,30.234657,0.0,0.0,30.234657,0.0,0.0,0.0,0.0,0.0,0.0,0.0,0.0
nse2_residential_tertiary_load_SE4,4,30.234657,0.0,0.0,30.234657,0.0,0.0,0.0,0.0,0.0,0.0,0.0,0.0
nse3_residential_tertiary_load_SE4,4,30.234657,0.0,0.0,30.234657,0.0,0.0,0.0,0.0,0.0,0.0,0.0,0.0
nse0_electrolyser_load_SE1,1,18.526622,0.0,0.0,18.526622,0.0,0.0,0.0,0.0,0.0,0.0,0.0,0.0
nse1_electrolyser_load_SE1,1,18.526622,0.0,0.0,18.526622,0.0,0.0,0.0,0.0,0.0,0.0,0.0,0.0
nse2_electrolyser_load_SE1,1,18.526622,0.0,0.0,18.526622,0.0,0.0,0.0,0.0,0.0,0.0,0.0,0.0
nse3_electrolyser_load_SE1,1,18.526622,0.0,0.0,18.526622,0.0,0.0,0.0,0.0,0.0,0.0,0.0,0.0
nse0_electrolyser_load_SE2,2,0.678817,0.0,0.0,0.678817,0.0,0.0,0.0,0.0,0.0,0.0,0.0,0.0
nse1_electrolyser_load_SE2,2,0.678817,0.0,0.0,0.678817,0.0,0.0,0.0,0.0,0.0,0.0,0.0,0.0
nse2_electrolyser_load_SE2,2,0.678817,0.0,0.0,0.678817,0.0,0.0,0.0,0.0,0.0,0.0,0.0,0.0
nse3_electrolyser_load_SE2,2,0.678817,0.0,0.0,0.678817,0.0,0.0,0.0,0.0,0.0,0.0,0.0,0.0
nse0_electrolyser_load_SE3,3,2.249113,0.0,0.0,2.249113,0.0,0.0,0.0,0.0,0.0,0.0,0.0,0.0
nse1_electrolyser_load_SE3,3,2.249113,0.0,0.0,2.249113,0.0,0.0,0.0,0.0,0.0,0.0,0.0,0.0
nse2_electrolyser_load_SE3,3,2.249113,0.0,0.0,2.249113,0.0,0.0,0.0,0.0,0.0,0.0,0.0,0.0
nse3_electrolyser_load_SE3,3,2.249113,0.0,0.0,2.249113,0.0,0.0,0.0,0.0,0.0,0.0,0.0,0.0
nse0_electrolyser_load_SE4,4,0.186678,0.0,0.0,0.186678,0.0,0.0,0.0,0.0,0.0,0.0,0.0,0.0
nse1_electrolyser_load_SE4,4,0.186678,0.0,0.0,0.186678,0.0,0.0,0.0,0.0,0.0,0.0,0.0,0.0
nse2_electrolyser_load_SE4,4,0.186678,0.0,0.0,0.186678,0.0,0.0,0.0,0.0,0.0,0.0,0.0,0.0
nse3_electrolyser_load_SE4,4,0.186678,0.0,0.0,0.186678,0.0,0.0,0.0,0.0,0.0,0.0,0.0,0.0
nse0_industry_load_SE1,1,218.765627,0.0,0.0,218.765627,0.0,0.0,0.0,0.0,0.0,0.0,0.0,0.0
nse1_industry_load_SE1,1,218.765627,0.0,0.0,218.765627,0.0,0.0,0.0,0.0,0.0,0.0,0.0,0.0
nse2_industry_load_SE1,1,218.765627,0.0,0.0,218.765627,0.0,0.0,0.0,0.0,0.0,0.0,0.0,0.0
nse3_industry_load_SE1,1,218.765627,0.0,0.0,218.765627,0.0,0.0,0.0,0.0,0.0,0.0,0.0,0.0
nse0_industry_load_SE2,2,131.902362,0.0,0.0,131.902362,0.0,0.0,0.0,0.0,0.0,0.0,0.0,0.0
nse1_industry_load_SE2,2,131.902362,0.0,0.0,131.902362,0.0,0.0,0.0,0.0,0.0,0.0,0.0,0.0
nse2_industry_load_SE2,2,131.902362,0.0,0.0,131.902362,0.0,0.0,0.0,0.0,0.0,0.0,0.0,0.0
nse3_industry_load_SE2,2,131.902362,0.0,0.0,131.902362,0.0,0.0,0.0,0.0,0.0,0.0,0.0,0.0
nse0_industry_load_SE3,3,299.887365,0.0,0.0,299.887365,0.0,0.0,0.0,0.0,0.0,0.0,0.0,0.0
nse1_industry_load_SE3,3,299.887365,0.0,0.0,299.887365,0.0,0.0,0.0,0.0,0.0,0.0,0.0,0.0
nse2_industry_load_SE3,3,299.887365,0.0,0.0,299.887365,0.0,0.0,0.0,0.0,0.0,0.0,0.0,0.0
nse3_industry_load_SE3,3,299.887365,0.0,0.0,299.887365,0.0,0.0,0.0,0.0,0.0,0.0,0.0,0.0
nse0_industry_load_SE4,4,64.433136,0.0,0.0,64.433136,0.0,0.0,0.0,0.0,0.0,0.0,0.0,0.0
nse1_industry_load_SE4,4,64.433136,0.0,0.0,64.433136,0.0,0.0,0.0,0.0,0.0,0.0,0.0,0.0
nse2_industry_load_SE4,4,64.433136,0.0,0.0,64.433136,0.0,0.0,0.0,0.0,0.0,0.0,0.0,0.0
nse3_industry_load_SE4,4,64.433136,0.0,0.0,64.433136,0.0,0.0,0.0,0.0,0.0,0.0,0.0,0.0
nse0_losses_load_SE1,1,0.0,0.0,0.0,0.0,0.0,0.0,0.0,0.0,0.0,0.0,0.0,0.0
nse1_losses_load_SE1,1,0.0,0.0,0.0,0.0,0.0,0.0,0.0,0.0,0.0,0.0,0.0,0.0
nse2_losses_load_SE1,1,0.0,0.0,0.0,0.0,0.0,0.0,0.0,0.0,0.0,0.0,0.0,0.0
nse3_losses_load_SE1,1,0.0,0.0,0.0,0.0,0.0,0.0,0.0,0.0,0.0,0.0,0.0,0.0
nse0_losses_load_SE2,2,0.0,0.0,0.0,0.0,0.0,0.0,0.0,0.0,0.0,0.0,0.0,0.0
nse1_losses_load_SE2,2,0.0,0.0,0.0,0.0,0.0,0.0,0.0,0.0,0.0,0.0,0.0,0.0
nse2_losses_load_SE2,2,0.0,0.0,0.0,0.0,0.0,0.0,0.0,0.0,0.0,0.0,0.0,0.0
nse3_losses_load_SE2,2,0.0,0.0,0.0,0.0,0.0,0.0,0.0,0.0,0.0,0.0,0.0,0.0
nse0_losses_load_SE3,3,0.0,0.0,0.0,0.0,0.0,0.0,0.0,0.0,0.0,0.0,0.0,0.0
nse1_losses_load_SE3,3,0.0,0.0,0.0,0.0,0.0,0.0,0.0,0.0,0.0,0.0,0.0,0.0
nse2_losses_load_SE3,3,0.0,0.0,0.0,0.0,0.0,0.0,0.0,0.0,0.0,0.0,0.0,0.0
nse3_losses_load_SE3,3,0.0,0.0,0.0,0.0,0.0,0.0,0.0,0.0,0.0,0.0,0.0,0.0
nse0_losses_load_SE4,4,0.0,0.0,0.0,0.0,0.0,0.0,0.0,0.0,0.0,0.0,0.0,0.0
nse1_losses_load_SE4,4,0.0,0.0,0.0,0.0,0.0,0.0,0.0,0.0,0.0,0.0,0.0,0.0
nse2_losses_load_SE4,4,0.0,0.0,0.0,0.0,0.0,0.0,0.0,0.0,0.0,0.0,0.0,0.0
nse3_losses_load_SE4,4,0.0,0.0,0.0,0.0,0.0,0.0,0.0,0.0,0.0,0.0,0.0,0.0
nse0_baseload_NO125,5,566.715579,0.0,0.0,566.715579,0.0,0.0,0.0,0.0,0.0,0.0,0.0,0.0
nse1_baseload_NO125,5,566.715579,0.0,0.0,566.715579,0.0,0.0,0.0,0.0,0.0,0.0,0.0,0.0
nse2_baseload_NO125,5,566.715579,0.0,0.0,566.715579,0.0,0.0,0.0,0.0,0.0,0.0,0.0,0.0
nse3_baseload_NO125,5,566.715579,0.0,0.0,566.715579,0.0,0.0,0.0,0.0,0.0,0.0,0.0,0.0
nse0_baseload_NO3,6,120.325208,0.0,0.0,120.325208,0.0,0.0,0.0,0.0,0.0,0.0,0.0,0.0
nse1_baseload_NO3,6,120.325208,0.0,0.0,120.325208,0.0,0.0,0.0,0.0,0.0,0.0,0.0,0.0
nse2_baseload_NO3,6,120.325208,0.0,0.0,120.325208,0.0,0.0,0.0,0.0,0.0,0.0,0.0,0.0
nse3_baseload_NO3,6,120.325208,0.0,0.0,120.325208,0.0,0.0,0.0,0.0,0.0,0.0,0.0,0.0
nse0_baseload_NO4,7,115.337117,0.0,0.0,115.337117,0.0,0.0,0.0,0.0,0.0,0.0,0.0,0.0
nse1_baseload_NO4,7,115.337117,0.0,0.0,115.337117,0.0,0.0,0.0,0.0,0.0,0.0,0.0,0.0
nse2_baseload_NO4,7,115.337117,0.0,0.0,115.337117,0.0,0.0,0.0,0.0,0.0,0.0,0.0,0.0
nse3_baseload_NO4,7,115.337117,0.0,0.0,115.337117,0.0,0.0,0.0,0.0,0.0,0.0,0.0,0.0
nse0_baseload_FI,8,194.291259,0.0,0.0,194.291259,0.0,0.0,0.0,0.0,0.0,0.0,0.0,0.0
nse1_baseload_FI,8,194.291259,0.0,0.0,194.291259,0.0,0.0,0.0,0.0,0.0,0.0,0.0,0.0
nse2_baseload_FI,8,194.291259,0.0,0.0,194.291259,0.0,0.0,0.0,0.0,0.0,0.0,0.0,0.0
nse3_baseload_FI,8,194.291259,0.0,0.0,194.291259,0.0,0.0,0.0,0.0,0.0,0.0,0.0,0.0
nse0_baseload_DK1,9,216.818591,0.0,0.0,216.818591,0.0,0.0,0.0,0.0,0.0,0.0,0.0,0.0
nse1_baseload_DK1,9,216.818591,0.0,0.0,216.818591,0.0,0.0,0.0,0.0,0.0,0.0,0.0,0.0
nse2_baseload_DK1,9,216.818591,0.0,0.0,216.818591,0.0,0.0,0.0,0.0,0.0,0.0,0.0,0.0
nse3_baseload_DK1,9,216.818591,0.0,0.0,216.818591,0.0,0.0,0.0,0.0,0.0,0.0,0.0,0.0
nse0_baseload_DK2,10,161.207325,0.0,0.0,161.207325,0.0,0.0,0.0,0.0,0.0,0.0,0.0,0.0
nse1_baseload_DK2,10,161.207325,0.0,0.0,161.207325,0.0,0.0,0.0,0.0,0.0,0.0,0.0,0.0
nse2_baseload_DK2,10,161.207325,0.0,0.0,161.207325,0.0,0.0,0.0,0.0,0.0,0.0,0.0,0.0
nse3_baseload_DK2,10,161.207325,0.0,0.0,161.207325,0.0,0.0,0.0,0.0,0.0,0.0,0.0,0.0
nse0_heating_space_load_DE,11,568.489363,0.0,0.0,568.489363,0.0,0.0,0.0,0.0,0.0,0.0,0.0,0.0
nse1_heating_space_load_DE,11,568.489363,0.0,0.0,568.489363,0.0,0.0,0.0,0.0,0.0,0.0,0.0,0.0
nse2_heating_space_load_DE,11,568.489363,0.0,0.0,568.489363,0.0,0.0,0.0,0.0,0.0,0.0,0.0,0.0
nse3_heating_space_load_DE,11,568.489363,0.0,0.0,568.489363,0.0,0.0,0.0,0.0,0.0,0.0,0.0,0.0
nse0_heating_sanitary_load_DE,11,198.172239,0.0,0.0,198.172239,0.0,0.0,0.0,0.0,0.0,0.0,0.0,0.0
nse1_heating_sanitary_load_DE,11,198.172239,0.0,0.0,198.172239,0.0,0.0,0.0,0.0,0.0,0.0,0.0,0.0
nse2_heating_sanitary_load_DE,11,198.172239,0.0,0.0,198.172239,0.0,0.0,0.0,0.0,0.0,0.0,0.0,0.0
nse3_heating_sanitary_load_DE,11,198.172239,0.0,0.0,198.172239,0.0,0.0,0.0,0.0,0.0,0.0,0.0,0.0
nse0_EV_load_DE,11,0.0,0.0,0.0,0.0,0.0,0.0,0.0,0.0,0.0,0.0,0.0,0.0
nse1_EV_load_DE,11,0.0,0.0,0.0,0.0,0.0,0.0,0.0,0.0,0.0,0.0,0.0,0.0
nse2_EV_load_DE,11,0.0,0.0,0.0,0.0,0.0,0.0,0.0,0.0,0.0,0.0,0.0,0.0
nse3_EV_load_DE,11,0.0,0.0,0.0,0.0,0.0,0.0,0.0,0.0,0.0,0.0,0.0,0.0
nse0_residential_tertiary_load_DE,11,1196.894685,0.0,0.0,1196.894685,0.0,0.0,0.0,0.0,0.0,0.0,0.0,0.0
nse1_residential_tertiary_load_DE,11,1196.894685,0.0,0.0,1196.894685,0.0,0.0,0.0,0.0,0.0,0.0,0.0,0.0
nse2_residential_tertiary_load_DE,11,1196.894685,0.0,0.0,1196.894685,0.0,0.0,0.0,0.0,0.0,0.0,0.0,0.0
nse3_residential_tertiary_load_DE,11,1196.894685,0.0,0.0,1196.894685,0.0,0.0,0.0,0.0,0.0,0.0,0.0,0.0
nse0_electrolyser_load_DE,11,49.797566,0.0,0.0,49.797566,0.0,0.0,0.0,0.0,0.0,0.0,0.0,0.0
nse1_electrolyser_load_DE,11,49.797566,0.0,0.0,49.797566,0.0,0.0,0.0,0.0,0.0,0.0,0.0,0.0
nse2_electrolyser_load_DE,11,49.797566,0.0,0.0,49.797566,0.0,0.0,0.0,0.0,0.0,0.0,0.0,0.0
nse3_electrolyser_load_DE,11,49.797566,0.0,0.0,49.797566,0.0,0.0,0.0,0.0,0.0,0.0,0.0,0.0
nse0_industry_load_DE,11,1574.152595,0.0,0.0,1574.152595,0.0,0.0,0.0,0.0,0.0,0.0,0.0,0.0
nse1_industry_load_DE,11,1574.152595,0.0,0.0,1574.152595,0.0,0.0,0.0,0.0,0.0,0.0,0.0,0.0
nse2_industry_load_DE,11,1574.152595,0.0,0.0,1574.152595,0.0,0.0,0.0,0.0,0.0,0.0,0.0,0.0
nse3_industry_load_DE,11,1574.152595,0.0,0.0,1574.152595,0.0,0.0,0.0,0.0,0.0,0.0,0.0,0.0
nse0_losses_load_DE,11,0.0,0.0,0.0,0.0,0.0,0.0,0.0,0.0,0.0,0.0,0.0,0.0
nse1_losses_load_DE,11,0.0,0.0,0.0,0.0,0.0,0.0,0.0,0.0,0.0,0.0,0.0,0.0
nse2_losses_load_DE,11,0.0,0.0,0.0,0.0,0.0,0.0,0.0,0.0,0.0,0.0,0.0,0.0
nse3_losses_load_DE,11,0.0,0.0,0.0,0.0,0.0,0.0,0.0,0.0,0.0,0.0,0.0,0.0
nse0_baseload_PL,12,741.353386,0.0,0.0,741.353386,0.0,0.0,0.0,0.0,0.0,0.0,0.0,0.0
nse1_baseload_PL,12,741.353386,0.0,0.0,741.353386,0.0,0.0,0.0,0.0,0.0,0.0,0.0,0.0
nse2_baseload_PL,12,741.353386,0.0,0.0,741.353386,0.0,0.0,0.0,0.0,0.0,0.0,0.0,0.0
nse3_baseload_PL,12,741.353386,0.0,0.0,741.353386,0.0,0.0,0.0,0.0,0.0,0.0,0.0,0.0
nse0_baseload_BT,13,144.862539,0.0,0.0,144.862539,0.0,0.0,0.0,0.0,0.0,0.0,0.0,0.0
nse1_baseload_BT,13,144.862539,0.0,0.0,144.862539,0.0,0.0,0.0,0.0,0.0,0.0,0.0,0.0
nse2_baseload_BT,13,144.862539,0.0,0.0,144.862539,0.0,0.0,0.0,0.0,0.0,0.0,0.0,0.0
nse3_baseload_BT,13,144.862539,0.0,0.0,144.862539,0.0,0.0,0.0,0.0,0.0,0.0,0.0,0.0
nse0_baseload_UK,14,1999.077332,0.0,0.0,1999.077332,0.0,0.0,0.0,0.0,0.0,0.0,0.0,0.0
nse1_baseload_UK,14,1999.077332,0.0,0.0,1999.077332,0.0,0.0,0.0,0.0,0.0,0.0,0.0,0.0
nse2_baseload_UK,14,1999.077332,0.0,0.0,1999.077332,0.0,0.0,0.0,0.0,0.0,0.0,0.0,0.0
nse3_baseload_UK,14,1999.077332,0.0,0.0,1999.077332,0.0,0.0,0.0,0.0,0.0,0.0,0.0,0.0
nse0_baseload_FR,15,3064.56569,0.0,0.0,3064.56569,0.0,0.0,0.0,0.0,0.0,0.0,0.0,0.0
nse1_baseload_FR,15,3064.56569,0.0,0.0,3064.56569,0.0,0.0,0.0,0.0,0.0,0.0,0.0,0.0
nse2_baseload_FR,15,3064.56569,0.0,0.0,3064.56569,0.0,0.0,0.0,0.0,0.0,0.0,0.0,0.0
nse3_baseload_FR,15,3064.56569,0.0,0.0,3064.56569,0.0,0.0,0.0,0.0,0.0,0.0,0.0,0.0
nse0_baseload_ES,16,1351.687755,0.0,0.0,1351.687755,0.0,0.0,0.0,0.0,0.0,0.0,0.0,0.0
nse1_baseload_ES,16,1351.687755,0.0,0.0,1351.687755,0.0,0.0,0.0,0.0,0.0,0.0,0.0,0.0
nse2_baseload_ES,16,1351.687755,0.0,0.0,1351.687755,0.0,0.0,0.0,0.0,0.0,0.0,0.0,0.0
nse3_baseload_ES,16,1351.687755,0.0,0.0,1351.687755,0.0,0.0,0.0,0.0,0.0,0.0,0.0,0.0
nse0_baseload_NL,17,606.966761,0.0,0.0,606.966761,0.0,0.0,0.0,0.0,0.0,0.0,0.0,0.0
nse1_baseload_NL,17,606.966761,0.0,0.0,606.966761,0.0,0.0,0.0,0.0,0.0,0.0,0.0,0.0
nse2_baseload_NL,17,606.966761,0.0,0.0,606.966761,0.0,0.0,0.0,0.0,0.0,0.0,0.0,0.0
nse3_baseload_NL,17,606.966761,0.0,0.0,606.966761,0.0,0.0,0.0,0.0,0.0,0.0,0.0,0.0
heating_space_flexload_SE1,1,27.122367,0.0,0.0,27.122367,0.0,0.0,0.0,0.0,0.0,0.0,0.0,0.0
heating_space_flexload_SE2,2,51.751775,0.0,0.0,51.751775,0.0,0.0,0.0,0.0,0.0,0.0,0.0,0.0
heating_space_flexload_SE3,3,254.864145,0.0,0.0,254.864145,0.0,0.0,0.0,0.0,0.0,0.0,0.0,0.0
heating_space_flexload_SE4,4,73.802907,0.0,0.0,73.802907,0.0,0.0,0.0,0.0,0.0,0.0,0.0,0.0
heating_sanitary_flexload_SE1,1,54.078054,0.0,0.0,54.078054,0.0,0.0,0.0,0.0,0.0,0.0,0.0,0.0
heating_sanitary_flexload_SE2,2,114.631163,0.0,0.0,114.631163,0.0,0.0,0.0,0.0,0.0,0.0,0.0,0.0
heating_sanitary_flexload_SE3,3,733.343049,0.0,0.0,733.343049,0.0,0.0,0.0,0.0,0.0,0.0,0.0,0.0
heating_sanitary_flexload_SE4,4,247.371016,0.0,0.0,247.371016,0.0,0.0,0.0,0.0,0.0,0.0,0.0,0.0
EV_flexload_SE1,1,0.0,0.0,0.0,0.0,0.0,0.0,0.0,0.0,0.0,0.0,0.0,0.0
EV_flexload_SE2,2,0.0,0.0,0.0,0.0,0.0,0.0,0.0,0.0,0.0,0.0,0.0,0.0
EV_flexload_SE3,3,0.0,0.0,0.0,0.0,0.0,0.0,0.0,0.0,0.0,0.0,0.0,0.0
EV_flexload_SE4,4,0.0,0.0,0.0,0.0,0.0,0.0,0.0,0.0,0.0,0.0,0.0,0.0
residential_tertiary_flexload_SE1,1,0.0,0.0,0.0,0.0,0.0,0.0,0.0,0.0,0.0,0.0,0.0,0.0
residential_tertiary_flexload_SE2,2,0.0,0.0,0.0,0.0,0.0,0.0,0.0,0.0,0.0,0.0,0.0,0.0
residential_tertiary_flexload_SE3,3,0.0,0.0,0.0,0.0,0.0,0.0,0.0,0.0,0.0,0.0,0.0,0.0
residential_tertiary_flexload_SE4,4,0.0,0.0,0.0,0.0,0.0,0.0,0.0,0.0,0.0,0.0,0.0,0.0
industry_flexload_SE1,1,72.921876,0.0,0.0,72.921876,0.0,0.0,0.0,0.0,0.0,0.0,0.0,0.0
industry_flexload_SE2,2,43.967454,0.0,0.0,43.967454,0.0,0.0,0.0,0.0,0.0,0.0,0.0,0.0
industry_flexload_SE3,3,99.962455,0.0,0.0,99.962455,0.0,0.0,0.0,0.0,0.0,0.0,0.0,0.0
industry_flexload_SE4,4,21.477712,0.0,0.0,21.477712,0.0,0.0,0.0,0.0,0.0,0.0,0.0,0.0
electrolyser_flexload_SE1,1,1185.703782,0.0,0.0,1185.703782,0.0,0.0,0.0,0.0,0.0,0.0,0.0,0.0
electrolyser_flexload_SE2,2,43.444266,0.0,0.0,43.444266,0.0,0.0,0.0,0.0,0.0,0.0,0.0,0.0
electrolyser_flexload_SE3,3,143.943212,0.0,0.0,143.943212,0.0,0.0,0.0,0.0,0.0,0.0,0.0,0.0
electrolyser_flexload_SE4,4,11.947416,0.0,0.0,11.947416,0.0,0.0,0.0,0.0,0.0,0.0,0.0,0.0
losses_flexload_SE1,1,0.0,0.0,0.0,0.0,0.0,0.0,0.0,0.0,0.0,0.0,0.0,0.0
losses_flexload_SE2,2,0.0,0.0,0.0,0.0,0.0,0.0,0.0,0.0,0.0,0.0,0.0,0.0
losses_flexload_SE3,3,0.0,0.0,0.0,0.0,0.0,0.0,0.0,0.0,0.0,0.0,0.0,0.0
losses_flexload_SE4,4,0.0,0.0,0.0,0.0,0.0,0.0,0.0,0.0,0.0,0.0,0.0,0.0
flexload_NO125,5,0.0,0.0,0.0,0.0,0.0,0.0,0.0,0.0,0.0,0.0,0.0,0.0
flexload_NO3,6,0.0,0.0,0.0,0.0,0.0,0.0,0.0,0.0,0.0,0.0,0.0,0.0
flexload_NO4,7,0.0,0.0,0.0,0.0,0.0,0.0,0.0,0.0,0.0,0.0,0.0,0.0
EV_flexload_NO125,5,0.0,0.0,0.0,0.0,0.0,0.0,0.0,0.0,0.0,0.0,0.0,0.0
EV_flexload_NO3,6,0.0,0.0,0.0,0.0,0.0,0.0,0.0,0.0,0.0,0.0,0.0,0.0
EV_flexload_NO4,7,0.0,0.0,0.0,0.0,0.0,0.0,0.0,0.0,0.0,0.0,0.0,0.0
flexload_FI,8,0.0,0.0,0.0,0.0,0.0,0.0,0.0,0.0,0.0,0.0,0.0,0.0
electrolyser_flexload_FI,8,661.643836,0.0,0.0,661.643836,0.0,0.0,0.0,0.0,0.0,0.0,0.0,0.0
EV_flexload_FI,8,861.177401,0.0,0.0,861.177401,0.0,0.0,0.0,0.0,0.0,0.0,0.0,0.0
industry_flexload_FI,8,970.547945,0.0,0.0,970.547945,0.0,0.0,0.0,0.0,0.0,0.0,0.0,0.0
flexload_DK1,9,0.0,0.0,0.0,0.0,0.0,0.0,0.0,0.0,0.0,0.0,0.0,0.0
flexload_DK2,10,0.0,0.0,0.0,0.0,0.0,0.0,0.0,0.0,0.0,0.0,0.0,0.0
EV_flexload_DK1,9,0.0,0.0,0.0,0.0,0.0,0.0,0.0,0.0,0.0,0.0,0.0,0.0
EV_flexload_DK2,10,0.0,0.0,0.0,0.0,0.0,0.0,0.0,0.0,0.0,0.0,0.0,0.0
heating_space_flexload_DE,11,2273.95745,0.0,0.0,2273.95745,0.0,0.0,0.0,0.0,0.0,0.0,0.0,0.0
heating_sanitary_flexload_DE,11,7926.889576,0.0,0.0,7926.889576,0.0,0.0,0.0,0.0,0.0,0.0,0.0,0.0
EV_flexload_DE,11,0.0,0.0,0.0,0.0,0.0,0.0,0.0,0.0,0.0,0.0,0.0,0.0
residential_tertiary_flexload_DE,11,0.0,0.0,0.0,0.0,0.0,0.0,0.0,0.0,0.0,0.0,0.0,0.0
industry_flexload_DE,11,524.717532,0.0,0.0,524.717532,0.0,0.0,0.0,0.0,0.0,0.0,0.0,0.0
electrolyser_flexload_DE,11,3187.044235,0.0,0.0,3187.044235,0.0,0.0,0.0,0.0,0.0,0.0,0.0,0.0
losses_flexload_DE,11,0.0,0.0,0.0,0.0,0.0,0.0,0.0,0.0,0.0,0.0,0.0,0.0
EV_flexload_PL,12,0.0,0.0,0.0,0.0,0.0,0.0,0.0,0.0,0.0,0.0,0.0,0.0
flexload_PL,12,0.0,0.0,0.0,0.0,0.0,0.0,0.0,0.0,0.0,0.0,0.0,0.0
flexload_BT,13,0.0,0.0,0.0,0.0,0.0,0.0,0.0,0.0,0.0,0.0,0.0,0.0
EV_flexload_BT,13,0.0,0.0,0.0,0.0,0.0,0.0,0.0,0.0,0.0,0.0,0.0,0.0
flexload_UK,14,0.0,0.0,0.0,0.0,0.0,0.0,0.0,0.0,0.0,0.0,0.0,0.0
EV_flexload_UK,14,9051.931353,0.0,0.0,9051.931353,0.0,0.0,0.0,0.0,0.0,0.0,0.0,0.0
electrolyser_flexload_UK,14,2996.575342,0.0,0.0,2996.575342,0.0,0.0,0.0,0.0,0.0,0.0,0.0,0.0
flexload_FR,15,0.0,0.0,0.0,0.0,0.0,0.0,0.0,0.0,0.0,0.0,0.0,0.0
EV_flexload_FR,15,9769.579187,0.0,0.0,9769.579187,0.0,0.0,0.0,0.0,0.0,0.0,0.0,0.0
electrolyser_flexload_FR,15,1815.068493,0.0,0.0,1815.068493,0.0,0.0,0.0,0.0,0.0,0.0,0.0,0.0
flexload_ES,16,0.0,0.0,0.0,0.0,0.0,0.0,0.0,0.0,0.0,0.0,0.0,0.0
EV_flexload_ES,16,2501.852817,0.0,0.0,2501.852817,0.0,0.0,0.0,0.0,0.0,0.0,0.0,0.0
electrolyser_flexload_ES,16,2263.76994,0.0,0.0,2263.76994,0.0,0.0,0.0,0.0,0.0,0.0,0.0,0.0
flexload_NL,17,0.0,0.0,0.0,0.0,0.0,0.0,0.0,0.0,0.0,0.0,0.0,0.0
EV_flexload_NL,17,1789.335267,0.0,0.0,1789.335267,0.0,0.0,0.0,0.0,0.0,0.0,0.0,0.0
electrolyser_flexload_NL,17,2250.0,0.0,0.0,2250.0,0.0,0.0,0.0,0.0,0.0,0.0,0.0,0.0
Total,n/a,1.9404661151559616e6,0.0,58841.89313250892,1.9993080082884706e6,1.81762186364e7,0.0,0.0,1.81762186364e7,49929.36695,0.0,0.0,49929.36695
